model_id,dataset_id,split,evaluation_group,experiment_folder,precision,recall,f1,map50,map75,map50_95,runtime_seconds,preprocess_ms,inference_ms,postprocess_ms,source_metrics_file
caltech_only,caltech_test,test,caltech_test,caltech_only_on_caltech_test,0.748344990860903,0.3768690875801037,0.5012878869977201,0.4269752373763792,0.1731837512196272,0.2068670516473433,,0.9831788729652472,25.398295711676177,0.4529615124184946,cross_dataset_validation/caltech_test/caltech_only_on_caltech_test/metrics.csv
caltech_to_citypersons,caltech_test,test,caltech_test,caltech_to_citypersons_on_caltech_test,0.6198436196117489,0.2740311260299054,0.3800452935332256,0.2965874676761982,0.0607439855020488,0.1126791832753039,113.46336897899982,1.008798613476547,25.343008491580036,0.8010657119608782,cross_dataset_validation/caltech_test/caltech_to_citypersons_on_caltech_test/metrics.csv
citypersons_only,caltech_test,test,caltech_test,citypersons_only_on_caltech_test,0.5401862615959282,0.1910283796155019,0.2822451860982041,0.1956410981532397,0.0369409274806389,0.0736322481949429,114.22687786699998,0.9875676365977042,25.50186981358763,0.7956667367974063,cross_dataset_validation/caltech_test/citypersons_only_on_caltech_test/metrics.csv
citypersons_to_crowdhuman,caltech_test,test,caltech_test,citypersons_to_crowdhuman_on_caltech_test,0.7408301203503799,0.3933998883451077,0.5139036780797733,0.444105563346658,0.1361366788106487,0.1940437789743913,114.12779860300088,1.0186894958594628,25.345835241505178,0.7041458270054843,cross_dataset_validation/caltech_test/citypersons_to_crowdhuman_on_caltech_test/metrics.csv
crowdhuman_only,caltech_test,test,caltech_test,crowdhuman_only_on_caltech_test,0.71363177644181,0.4015197075942981,0.5138982932970515,0.4514139659511422,0.138482832451431,0.1988700578809366,111.3471012660002,1.001464445044052,25.430880840139395,0.7100863165852959,cross_dataset_validation/caltech_test/crowdhuman_only_on_caltech_test/metrics.csv
crowdhuman_to_citypersons,caltech_test,test,caltech_test,crowdhuman_to_citypersons_on_caltech_test,0.5714252859443512,0.1965212084223375,0.2924609684154443,0.2075545344164265,0.0420163248910709,0.0796592717246445,116.93952165600058,0.9904437824696932,25.460188254069013,0.7856874590337829,cross_dataset_validation/caltech_test/crowdhuman_to_citypersons_on_caltech_test/metrics.csv
caltech_only,citypersons_val,val,citypersons_val,caltech_only_on_citypersons_val,0.5566556323913943,0.2465592972181552,0.3417481833453166,0.2263582019607756,0.0500584587636311,0.089798359619205,34.52551069800029,0.998909045999426,17.902858613997523,1.6585205340006723,cross_dataset_validation/citypersons_val/caltech_only_on_citypersons_val/metrics.csv
caltech_to_citypersons,citypersons_val,val,citypersons_val,caltech_to_citypersons_on_citypersons_val,0.7240659801017018,0.5224011713030746,0.606919990919206,0.5864147315882664,0.308656617641524,0.3235088569380592,28.79241683200007,1.107152524000412,17.338238981999893,2.6124448039990966,cross_dataset_validation/citypersons_val/caltech_to_citypersons_on_citypersons_val/metrics.csv
citypersons_only,citypersons_val,val,citypersons_val,citypersons_only_on_citypersons_val,0.7483925980359553,0.579502196193265,0.6532071005344349,0.6520274614105408,0.3744372086228124,0.3798385027504686,29.89597305300003,1.117348394001965,17.219144413998038,2.950275355998201,cross_dataset_validation/citypersons_val/citypersons_only_on_citypersons_val/metrics.csv
citypersons_to_crowdhuman,citypersons_val,val,citypersons_val,citypersons_to_crowdhuman_on_citypersons_val,0.6586802758759042,0.5279648609077598,0.5861230614876002,0.4966483479931025,0.2870548452721531,0.2826126703453552,29.189788177999617,1.0103480000034324,17.233768604002762,3.01828453998678,cross_dataset_validation/citypersons_val/citypersons_to_crowdhuman_on_citypersons_val/metrics.csv
crowdhuman_only,citypersons_val,val,citypersons_val,crowdhuman_only_on_citypersons_val,0.6619148201137376,0.524573538227391,0.5852952483708734,0.499026673990431,0.289745074291687,0.2856280207195385,29.4754371529998,0.9768532699999924,17.04738878799253,2.4333850479943067,cross_dataset_validation/citypersons_val/crowdhuman_only_on_citypersons_val/metrics.csv
crowdhuman_to_citypersons,citypersons_val,val,citypersons_val,crowdhuman_to_citypersons_on_citypersons_val,0.7608485728709263,0.5985358711566617,0.6700020224335608,0.6764363043567381,0.409110061302134,0.4065983174981155,29.903709250999785,1.1243868459969235,17.136536317997525,2.8592679440007487,cross_dataset_validation/citypersons_val/crowdhuman_to_citypersons_on_citypersons_val/metrics.csv
caltech_only,crowdhuman_val,val,crowdhuman_val,caltech_only_on_crowdhuman_val,0.5015117200579704,0.3289702258312124,0.3973173038164639,0.3400394498208151,0.0752237328413961,0.1326769607852146,157.44370565400004,0.8505955167048743,23.30775317368503,1.1394934155610137,cross_dataset_validation/crowdhuman_val/caltech_only_on_crowdhuman_val/metrics.csv
caltech_to_citypersons,crowdhuman_val,val,crowdhuman_val,caltech_to_citypersons_on_crowdhuman_val,0.5900440619618287,0.367889383675854,0.45320673849577,0.412914045103503,0.1444252432137055,0.1863755606934435,145.59609322999995,0.8601058178500679,23.127391829977352,1.3128593608717378,cross_dataset_validation/crowdhuman_val/caltech_to_citypersons_on_crowdhuman_val/metrics.csv
citypersons_only,crowdhuman_val,val,crowdhuman_val,citypersons_only_on_crowdhuman_val,0.616263778392537,0.3637456698000295,0.4574716728666547,0.4150388935934974,0.1680536964292865,0.1987784382854735,142.93782395800008,0.8729073311205742,23.201572509839085,1.0918143247139809,cross_dataset_validation/crowdhuman_val/citypersons_only_on_crowdhuman_val/metrics.csv
citypersons_to_crowdhuman,crowdhuman_val,val,crowdhuman_val,citypersons_to_crowdhuman_on_crowdhuman_val,0.8590254862139386,0.797741687876217,0.8272501435542141,0.8725424770074577,0.5985254141248176,0.55854805611725,142.70870678699976,0.8748901336357802,23.06136708352522,1.141969764071905,cross_dataset_validation/crowdhuman_val/citypersons_to_crowdhuman_on_crowdhuman_val/metrics.csv
crowdhuman_only,crowdhuman_val,val,crowdhuman_val,crowdhuman_only_on_crowdhuman_val,0.8638188941234811,0.7976103906597181,0.829395427071676,0.874910563211606,0.6049364816620737,0.5634675174613692,140.7927052820005,0.8879698961086422,22.954383794281338,1.3029988032034978,cross_dataset_validation/crowdhuman_val/crowdhuman_only_on_crowdhuman_val/metrics.csv
crowdhuman_to_citypersons,crowdhuman_val,val,crowdhuman_val,crowdhuman_to_citypersons_on_crowdhuman_val,0.7267783515934891,0.5733850442370622,0.6410330249495548,0.6307822309836628,0.2867063342599584,0.3192701143227972,149.48606502199982,0.8793375768885113,23.22177557734529,1.230657387873232,cross_dataset_validation/crowdhuman_val/crowdhuman_to_citypersons_on_crowdhuman_val/metrics.csv
caltech_only,bdd100k_val,val,bdd100k_val,caltech_only_on_bdd100k_val,0.5261699321480368,0.2277936962750716,0.3179415801886482,0.2133066685509594,0.0359291650278379,0.0775144917483955,207.4219402589999,0.6617486576999226,17.168825721599887,0.4709065348997001,cross_dataset_validation/bdd100k_val/caltech_only_on_bdd100k_val/metrics.csv
caltech_to_citypersons,bdd100k_val,val,bdd100k_val,caltech_to_citypersons_on_bdd100k_val,0.6369810427268365,0.3963203136781782,0.4886251723095633,0.4314042648333742,0.1622475014229831,0.2008411812681648,215.87293132199989,0.6695975809995843,18.076115738100068,0.7223364922995414,cross_dataset_validation/bdd100k_val/caltech_to_citypersons_on_bdd100k_val/metrics.csv
citypersons_only,bdd100k_val,val,bdd100k_val,citypersons_only_on_bdd100k_val,0.6312764869665421,0.3702307344291962,0.4667324456668172,0.402930336904986,0.1540920658314537,0.1902638806746205,214.6164632189998,0.6447075454998867,18.082027219099995,0.7018908970000212,cross_dataset_validation/bdd100k_val/citypersons_only_on_bdd100k_val/metrics.csv
citypersons_to_crowdhuman,bdd100k_val,val,bdd100k_val,citypersons_to_crowdhuman_on_bdd100k_val,0.6855186549016179,0.4733071934851455,0.5599821769334686,0.4992312120332753,0.2098484968354588,0.2449938713267365,215.32708718599997,0.6674517948001721,18.01028825170047,0.7378111001003163,cross_dataset_validation/bdd100k_val/citypersons_to_crowdhuman_on_bdd100k_val/metrics.csv
crowdhuman_only,bdd100k_val,val,bdd100k_val,crowdhuman_only_on_bdd100k_val,0.6969535320489045,0.468255165133464,0.5601607540847817,0.4956204311547422,0.2134921346919161,0.2459010364941005,216.26093067099987,0.6724231680003641,18.04837877260036,0.7526646162000133,cross_dataset_validation/bdd100k_val/crowdhuman_only_on_bdd100k_val/metrics.csv
crowdhuman_to_citypersons,bdd100k_val,val,bdd100k_val,crowdhuman_to_citypersons_on_bdd100k_val,0.682025591964757,0.4138893077967124,0.515155146114678,0.4626068195063616,0.1871425406930495,0.2253010332758389,214.02010796900004,0.6799292298002001,17.980458384999654,0.702561999499585,cross_dataset_validation/bdd100k_val/crowdhuman_to_citypersons_on_bdd100k_val/metrics.csv
